Symbol	Name	Price (Intrady)	Change	% Change	Volume	AVG Vol (3 month)	Market Cap	PE Ratio (TTM)	_id
LLY	Eli Lilly and Company	754.17	-6.56	-0.86%	3.716M	3.206M	716.585B	129.81	65f86fc4c8033d3aa8d1979c
UNH	UnitedHealth Group Incorporated	490.82	+1.82	+0.37%	3.482M	4.006M	452.504B	20.58	65f86fc4c8033d3aa8d1979d
JNJ	Johnson & Johnson	158.18	-1.03	-0.65%	13.122M	6.913M	381.179B	30.42	65f86fc4c8033d3aa8d1979e
ABBV	AbbVie Inc.	177.88	-3.32	-1.83%	20.901M	5.422M	314.22B	65.40	65f86fc4c8033d3aa8d1979f
MRK	Merck & Co., Inc.	121.52	+1.01	+0.84%	46.428M	8.397M	307.766B	810.13	65f86fc4c8033d3aa8d197a0
TMO	Thermo Fisher Scientific Inc.	584.15	-0.76	-0.13%	1.913M	1.611M	222.743B	37.88	65f86fc4c8033d3aa8d197a1
ABT	Abbott Laboratories	115.49	-3.36	-2.83%	22.058M	5.115M	200.396B	35.43	65f86fc4c8033d3aa8d197a2
DHR	Danaher Corporation	249.40	-3.82	-1.51%	5.703M	2.66M	184.482B	44.06	65f86fc4c8033d3aa8d197a3
PFE	Pfizer Inc.	27.94	-0.19	-0.68%	31.375M	45.464M	158.211B	75.51	65f86fc4c8033d3aa8d197a4
AMGN	Amgen Inc.	268.87	-2.67	-0.98%	8.765M	2.915M	144.093B	21.51	65f86fc4c8033d3aa8d197a5
ISRG	Intuitive Surgical, Inc.	396.28	+11.97	+3.11%	3.892M	1.687M	140.461B	78.78	65f86fc4c8033d3aa8d197a6
SYK	Stryker Corporation	352.23	-3.41	-0.96%	2.059M	1.32M	133.94B	42.75	65f86fc4c8033d3aa8d197a7
ELV	Elevance Health, Inc.	513.08	+2.51	+0.49%	1.439M	1.055M	119.378B	20.33	65f86fc4c8033d3aa8d197a8
MDT	Medtronic plc	83.57	-0.82	-0.97%	8.519M	6.198M	110.966B	26.53	65f86fc4c8033d3aa8d197a9
REGN	Regeneron Pharmaceuticals, Inc.	964.47	+5.43	+0.57%	1.071M	540,077	105.862B	27.75	65f86fc4c8033d3aa8d197aa
BMY	Bristol-Myers Squibb Company	52.34	-0.15	-0.29%	81.423M	16.963M	105.841B	13.56	65f86fc4c8033d3aa8d197ab
VRTX	Vertex Pharmaceuticals Incorporated	407.69	-1.08	-0.26%	1.894M	1.331M	105.31B	29.31	65f86fc4c8033d3aa8d197ac
CI	The Cigna Group	352.05	+2.54	+0.73%	2.877M	1.654M	102.924B	20.24	65f86fc4c8033d3aa8d197ad
CVS	CVS Health Corporation	77.40	+0.98	+1.28%	17.031M	11.018M	97.404B	11.96	65f86fc4c8033d3aa8d197ae
BSX	Boston Scientific Corporation	66.23	-0.63	-0.94%	8.828M	6.655M	97.166B	61.90	65f86fc4c8033d3aa8d197af
GILD	Gilead Sciences, Inc.	73.69	-0.52	-0.70%	13.917M	7.209M	91.801B	16.38	65f86fc4c8033d3aa8d197b0
HCA	HCA Healthcare, Inc.	321.97	-2.81	-0.87%	1.227M	1.074M	85.161B	16.98	65f86fc4c8033d3aa8d197b1
ZTS	Zoetis Inc.	172.57	-1.31	-0.75%	2.21M	2.396M	79.014B	34.04	65f86fc4c8033d3aa8d197b2
MCK	McKesson Corporation	533.64	+4.28	+0.81%	1.363M	753,039	70.125B	24.09	65f86fc4c8033d3aa8d197b3
BDX	Becton, Dickinson and Company	236.71	-0.46	-0.19%	2.683M	1.522M	68.386B	54.29	65f86fc4c8033d3aa8d197b4
LLY	Eli Lilly and Company	754.17	-6.56	-0.86%	3.716M	3.206M	716.585B	129.81	65f86fcac8033d3aa8d197b6
UNH	UnitedHealth Group Incorporated	490.82	+1.82	+0.37%	3.482M	4.006M	452.504B	20.58	65f86fcac8033d3aa8d197b7
JNJ	Johnson & Johnson	158.18	-1.03	-0.65%	13.122M	6.913M	381.179B	30.42	65f86fcac8033d3aa8d197b8
ABBV	AbbVie Inc.	177.88	-3.32	-1.83%	20.901M	5.422M	314.22B	65.40	65f86fcac8033d3aa8d197b9
MRK	Merck & Co., Inc.	121.52	+1.01	+0.84%	46.428M	8.397M	307.766B	810.13	65f86fcac8033d3aa8d197ba
TMO	Thermo Fisher Scientific Inc.	584.15	-0.76	-0.13%	1.913M	1.611M	222.743B	37.88	65f86fcac8033d3aa8d197bb
ABT	Abbott Laboratories	115.49	-3.36	-2.83%	22.058M	5.115M	200.396B	35.43	65f86fcac8033d3aa8d197bc
DHR	Danaher Corporation	249.40	-3.82	-1.51%	5.703M	2.66M	184.482B	44.06	65f86fcac8033d3aa8d197bd
PFE	Pfizer Inc.	27.94	-0.19	-0.68%	31.375M	45.464M	158.211B	75.51	65f86fcac8033d3aa8d197be
AMGN	Amgen Inc.	268.87	-2.67	-0.98%	8.765M	2.915M	144.093B	21.51	65f86fcac8033d3aa8d197bf
ISRG	Intuitive Surgical, Inc.	396.28	+11.97	+3.11%	3.892M	1.687M	140.461B	78.78	65f86fcac8033d3aa8d197c0
SYK	Stryker Corporation	352.23	-3.41	-0.96%	2.059M	1.32M	133.94B	42.75	65f86fcac8033d3aa8d197c1
ELV	Elevance Health, Inc.	513.08	+2.51	+0.49%	1.439M	1.055M	119.378B	20.33	65f86fcac8033d3aa8d197c2
MDT	Medtronic plc	83.57	-0.82	-0.97%	8.519M	6.198M	110.966B	26.53	65f86fcac8033d3aa8d197c3
REGN	Regeneron Pharmaceuticals, Inc.	964.47	+5.43	+0.57%	1.071M	540,077	105.862B	27.75	65f86fcac8033d3aa8d197c4
BMY	Bristol-Myers Squibb Company	52.34	-0.15	-0.29%	81.423M	16.963M	105.841B	13.56	65f86fcac8033d3aa8d197c5
VRTX	Vertex Pharmaceuticals Incorporated	407.69	-1.08	-0.26%	1.894M	1.331M	105.31B	29.31	65f86fcac8033d3aa8d197c6
CI	The Cigna Group	352.05	+2.54	+0.73%	2.877M	1.654M	102.924B	20.24	65f86fcac8033d3aa8d197c7
CVS	CVS Health Corporation	77.40	+0.98	+1.28%	17.031M	11.018M	97.404B	11.96	65f86fcac8033d3aa8d197c8
BSX	Boston Scientific Corporation	66.23	-0.63	-0.94%	8.828M	6.655M	97.166B	61.90	65f86fcac8033d3aa8d197c9
GILD	Gilead Sciences, Inc.	73.69	-0.52	-0.70%	13.917M	7.209M	91.801B	16.38	65f86fcac8033d3aa8d197ca
HCA	HCA Healthcare, Inc.	321.97	-2.81	-0.87%	1.227M	1.074M	85.161B	16.98	65f86fcac8033d3aa8d197cb
ZTS	Zoetis Inc.	172.57	-1.31	-0.75%	2.21M	2.396M	79.014B	34.04	65f86fcac8033d3aa8d197cc
MCK	McKesson Corporation	533.64	+4.28	+0.81%	1.363M	753,039	70.125B	24.09	65f86fcac8033d3aa8d197cd
BDX	Becton, Dickinson and Company	236.71	-0.46	-0.19%	2.683M	1.522M	68.386B	54.29	65f86fcac8033d3aa8d197ce
LLY	Eli Lilly and Company	754.17	-6.56	-0.86%	3.716M	3.206M	716.585B	129.81	65f86fd2c8033d3aa8d197d0
UNH	UnitedHealth Group Incorporated	490.82	+1.82	+0.37%	3.482M	4.006M	452.504B	20.58	65f86fd2c8033d3aa8d197d1
JNJ	Johnson & Johnson	158.18	-1.03	-0.65%	13.122M	6.913M	381.179B	30.42	65f86fd2c8033d3aa8d197d2
ABBV	AbbVie Inc.	177.88	-3.32	-1.83%	20.901M	5.422M	314.22B	65.40	65f86fd2c8033d3aa8d197d3
MRK	Merck & Co., Inc.	121.52	+1.01	+0.84%	46.428M	8.397M	307.766B	810.13	65f86fd2c8033d3aa8d197d4
TMO	Thermo Fisher Scientific Inc.	584.15	-0.76	-0.13%	1.913M	1.611M	222.743B	37.88	65f86fd2c8033d3aa8d197d5
ABT	Abbott Laboratories	115.49	-3.36	-2.83%	22.058M	5.115M	200.396B	35.43	65f86fd2c8033d3aa8d197d6
DHR	Danaher Corporation	249.40	-3.82	-1.51%	5.703M	2.66M	184.482B	44.06	65f86fd2c8033d3aa8d197d7
PFE	Pfizer Inc.	27.94	-0.19	-0.68%	31.375M	45.464M	158.211B	75.51	65f86fd2c8033d3aa8d197d8
AMGN	Amgen Inc.	268.87	-2.67	-0.98%	8.765M	2.915M	144.093B	21.51	65f86fd2c8033d3aa8d197d9
ISRG	Intuitive Surgical, Inc.	396.28	+11.97	+3.11%	3.892M	1.687M	140.461B	78.78	65f86fd2c8033d3aa8d197da
SYK	Stryker Corporation	352.23	-3.41	-0.96%	2.059M	1.32M	133.94B	42.75	65f86fd2c8033d3aa8d197db
ELV	Elevance Health, Inc.	513.08	+2.51	+0.49%	1.439M	1.055M	119.378B	20.33	65f86fd2c8033d3aa8d197dc
MDT	Medtronic plc	83.57	-0.82	-0.97%	8.519M	6.198M	110.966B	26.53	65f86fd2c8033d3aa8d197dd
REGN	Regeneron Pharmaceuticals, Inc.	964.47	+5.43	+0.57%	1.071M	540,077	105.862B	27.75	65f86fd2c8033d3aa8d197de
BMY	Bristol-Myers Squibb Company	52.34	-0.15	-0.29%	81.423M	16.963M	105.841B	13.56	65f86fd2c8033d3aa8d197df
VRTX	Vertex Pharmaceuticals Incorporated	407.69	-1.08	-0.26%	1.894M	1.331M	105.31B	29.31	65f86fd2c8033d3aa8d197e0
CI	The Cigna Group	352.05	+2.54	+0.73%	2.877M	1.654M	102.924B	20.24	65f86fd2c8033d3aa8d197e1
CVS	CVS Health Corporation	77.40	+0.98	+1.28%	17.031M	11.018M	97.404B	11.96	65f86fd2c8033d3aa8d197e2
BSX	Boston Scientific Corporation	66.23	-0.63	-0.94%	8.828M	6.655M	97.166B	61.90	65f86fd2c8033d3aa8d197e3
GILD	Gilead Sciences, Inc.	73.69	-0.52	-0.70%	13.917M	7.209M	91.801B	16.38	65f86fd2c8033d3aa8d197e4
HCA	HCA Healthcare, Inc.	321.97	-2.81	-0.87%	1.227M	1.074M	85.161B	16.98	65f86fd2c8033d3aa8d197e5
ZTS	Zoetis Inc.	172.57	-1.31	-0.75%	2.21M	2.396M	79.014B	34.04	65f86fd2c8033d3aa8d197e6
MCK	McKesson Corporation	533.64	+4.28	+0.81%	1.363M	753,039	70.125B	24.09	65f86fd2c8033d3aa8d197e7
BDX	Becton, Dickinson and Company	236.71	-0.46	-0.19%	2.683M	1.522M	68.386B	54.29	65f86fd2c8033d3aa8d197e8
LLY	Eli Lilly and Company	754.17	-6.56	-0.86%	3.716M	3.206M	716.585B	129.81	65f86fd6c8033d3aa8d197ea
UNH	UnitedHealth Group Incorporated	490.82	+1.82	+0.37%	3.482M	4.006M	452.504B	20.58	65f86fd6c8033d3aa8d197eb
JNJ	Johnson & Johnson	158.18	-1.03	-0.65%	13.122M	6.913M	381.179B	30.42	65f86fd6c8033d3aa8d197ec
ABBV	AbbVie Inc.	177.88	-3.32	-1.83%	20.901M	5.422M	314.22B	65.40	65f86fd6c8033d3aa8d197ed
MRK	Merck & Co., Inc.	121.52	+1.01	+0.84%	46.428M	8.397M	307.766B	810.13	65f86fd6c8033d3aa8d197ee
TMO	Thermo Fisher Scientific Inc.	584.15	-0.76	-0.13%	1.913M	1.611M	222.743B	37.88	65f86fd6c8033d3aa8d197ef
ABT	Abbott Laboratories	115.49	-3.36	-2.83%	22.058M	5.115M	200.396B	35.43	65f86fd6c8033d3aa8d197f0
DHR	Danaher Corporation	249.40	-3.82	-1.51%	5.703M	2.66M	184.482B	44.06	65f86fd6c8033d3aa8d197f1
PFE	Pfizer Inc.	27.94	-0.19	-0.68%	31.375M	45.464M	158.211B	75.51	65f86fd6c8033d3aa8d197f2
AMGN	Amgen Inc.	268.87	-2.67	-0.98%	8.765M	2.915M	144.093B	21.51	65f86fd6c8033d3aa8d197f3
ISRG	Intuitive Surgical, Inc.	396.28	+11.97	+3.11%	3.892M	1.687M	140.461B	78.78	65f86fd6c8033d3aa8d197f4
SYK	Stryker Corporation	352.23	-3.41	-0.96%	2.059M	1.32M	133.94B	42.75	65f86fd6c8033d3aa8d197f5
ELV	Elevance Health, Inc.	513.08	+2.51	+0.49%	1.439M	1.055M	119.378B	20.33	65f86fd6c8033d3aa8d197f6
MDT	Medtronic plc	83.57	-0.82	-0.97%	8.519M	6.198M	110.966B	26.53	65f86fd6c8033d3aa8d197f7
REGN	Regeneron Pharmaceuticals, Inc.	964.47	+5.43	+0.57%	1.071M	540,077	105.862B	27.75	65f86fd6c8033d3aa8d197f8
BMY	Bristol-Myers Squibb Company	52.34	-0.15	-0.29%	81.423M	16.963M	105.841B	13.56	65f86fd6c8033d3aa8d197f9
VRTX	Vertex Pharmaceuticals Incorporated	407.69	-1.08	-0.26%	1.894M	1.331M	105.31B	29.31	65f86fd6c8033d3aa8d197fa
CI	The Cigna Group	352.05	+2.54	+0.73%	2.877M	1.654M	102.924B	20.24	65f86fd6c8033d3aa8d197fb
CVS	CVS Health Corporation	77.40	+0.98	+1.28%	17.031M	11.018M	97.404B	11.96	65f86fd6c8033d3aa8d197fc
BSX	Boston Scientific Corporation	66.23	-0.63	-0.94%	8.828M	6.655M	97.166B	61.90	65f86fd6c8033d3aa8d197fd
GILD	Gilead Sciences, Inc.	73.69	-0.52	-0.70%	13.917M	7.209M	91.801B	16.38	65f86fd6c8033d3aa8d197fe
HCA	HCA Healthcare, Inc.	321.97	-2.81	-0.87%	1.227M	1.074M	85.161B	16.98	65f86fd6c8033d3aa8d197ff
ZTS	Zoetis Inc.	172.57	-1.31	-0.75%	2.21M	2.396M	79.014B	34.04	65f86fd6c8033d3aa8d19800
MCK	McKesson Corporation	533.64	+4.28	+0.81%	1.363M	753,039	70.125B	24.09	65f86fd6c8033d3aa8d19801
BDX	Becton, Dickinson and Company	236.71	-0.46	-0.19%	2.683M	1.522M	68.386B	54.29	65f86fd6c8033d3aa8d19802
LLY	Eli Lilly and Company	754.17	-6.56	-0.86%	3.716M	3.206M	716.585B	129.81	65f86fdbc8033d3aa8d19804
UNH	UnitedHealth Group Incorporated	490.82	+1.82	+0.37%	3.482M	4.006M	452.504B	20.58	65f86fdbc8033d3aa8d19805
JNJ	Johnson & Johnson	158.18	-1.03	-0.65%	13.122M	6.913M	381.179B	30.42	65f86fdbc8033d3aa8d19806
ABBV	AbbVie Inc.	177.88	-3.32	-1.83%	20.901M	5.422M	314.22B	65.40	65f86fdbc8033d3aa8d19807
MRK	Merck & Co., Inc.	121.52	+1.01	+0.84%	46.428M	8.397M	307.766B	810.13	65f86fdbc8033d3aa8d19808
TMO	Thermo Fisher Scientific Inc.	584.15	-0.76	-0.13%	1.913M	1.611M	222.743B	37.88	65f86fdbc8033d3aa8d19809
ABT	Abbott Laboratories	115.49	-3.36	-2.83%	22.058M	5.115M	200.396B	35.43	65f86fdbc8033d3aa8d1980a
DHR	Danaher Corporation	249.40	-3.82	-1.51%	5.703M	2.66M	184.482B	44.06	65f86fdbc8033d3aa8d1980b
PFE	Pfizer Inc.	27.94	-0.19	-0.68%	31.375M	45.464M	158.211B	75.51	65f86fdbc8033d3aa8d1980c
AMGN	Amgen Inc.	268.87	-2.67	-0.98%	8.765M	2.915M	144.093B	21.51	65f86fdbc8033d3aa8d1980d
ISRG	Intuitive Surgical, Inc.	396.28	+11.97	+3.11%	3.892M	1.687M	140.461B	78.78	65f86fdbc8033d3aa8d1980e
SYK	Stryker Corporation	352.23	-3.41	-0.96%	2.059M	1.32M	133.94B	42.75	65f86fdbc8033d3aa8d1980f
ELV	Elevance Health, Inc.	513.08	+2.51	+0.49%	1.439M	1.055M	119.378B	20.33	65f86fdbc8033d3aa8d19810
MDT	Medtronic plc	83.57	-0.82	-0.97%	8.519M	6.198M	110.966B	26.53	65f86fdbc8033d3aa8d19811
REGN	Regeneron Pharmaceuticals, Inc.	964.47	+5.43	+0.57%	1.071M	540,077	105.862B	27.75	65f86fdbc8033d3aa8d19812
BMY	Bristol-Myers Squibb Company	52.34	-0.15	-0.29%	81.423M	16.963M	105.841B	13.56	65f86fdbc8033d3aa8d19813
VRTX	Vertex Pharmaceuticals Incorporated	407.69	-1.08	-0.26%	1.894M	1.331M	105.31B	29.31	65f86fdbc8033d3aa8d19814
CI	The Cigna Group	352.05	+2.54	+0.73%	2.877M	1.654M	102.924B	20.24	65f86fdbc8033d3aa8d19815
CVS	CVS Health Corporation	77.40	+0.98	+1.28%	17.031M	11.018M	97.404B	11.96	65f86fdbc8033d3aa8d19816
BSX	Boston Scientific Corporation	66.23	-0.63	-0.94%	8.828M	6.655M	97.166B	61.90	65f86fdbc8033d3aa8d19817
GILD	Gilead Sciences, Inc.	73.69	-0.52	-0.70%	13.917M	7.209M	91.801B	16.38	65f86fdbc8033d3aa8d19818
HCA	HCA Healthcare, Inc.	321.97	-2.81	-0.87%	1.227M	1.074M	85.161B	16.98	65f86fdbc8033d3aa8d19819
ZTS	Zoetis Inc.	172.57	-1.31	-0.75%	2.21M	2.396M	79.014B	34.04	65f86fdbc8033d3aa8d1981a
MCK	McKesson Corporation	533.64	+4.28	+0.81%	1.363M	753,039	70.125B	24.09	65f86fdbc8033d3aa8d1981b
BDX	Becton, Dickinson and Company	236.71	-0.46	-0.19%	2.683M	1.522M	68.386B	54.29	65f86fdbc8033d3aa8d1981c
LLY	Eli Lilly and Company	754.17	-6.56	-0.86%	3.716M	3.206M	716.585B	129.81	65f86fe0c8033d3aa8d1981e
UNH	UnitedHealth Group Incorporated	490.82	+1.82	+0.37%	3.482M	4.006M	452.504B	20.58	65f86fe0c8033d3aa8d1981f
JNJ	Johnson & Johnson	158.18	-1.03	-0.65%	13.122M	6.913M	381.179B	30.42	65f86fe0c8033d3aa8d19820
ABBV	AbbVie Inc.	177.88	-3.32	-1.83%	20.901M	5.422M	314.22B	65.40	65f86fe0c8033d3aa8d19821
MRK	Merck & Co., Inc.	121.52	+1.01	+0.84%	46.428M	8.397M	307.766B	810.13	65f86fe0c8033d3aa8d19822
TMO	Thermo Fisher Scientific Inc.	584.15	-0.76	-0.13%	1.913M	1.611M	222.743B	37.88	65f86fe0c8033d3aa8d19823
ABT	Abbott Laboratories	115.49	-3.36	-2.83%	22.058M	5.115M	200.396B	35.43	65f86fe0c8033d3aa8d19824
DHR	Danaher Corporation	249.40	-3.82	-1.51%	5.703M	2.66M	184.482B	44.06	65f86fe0c8033d3aa8d19825
PFE	Pfizer Inc.	27.94	-0.19	-0.68%	31.375M	45.464M	158.211B	75.51	65f86fe0c8033d3aa8d19826
AMGN	Amgen Inc.	268.87	-2.67	-0.98%	8.765M	2.915M	144.093B	21.51	65f86fe0c8033d3aa8d19827
ISRG	Intuitive Surgical, Inc.	396.28	+11.97	+3.11%	3.892M	1.687M	140.461B	78.78	65f86fe0c8033d3aa8d19828
SYK	Stryker Corporation	352.23	-3.41	-0.96%	2.059M	1.32M	133.94B	42.75	65f86fe0c8033d3aa8d19829
ELV	Elevance Health, Inc.	513.08	+2.51	+0.49%	1.439M	1.055M	119.378B	20.33	65f86fe0c8033d3aa8d1982a
MDT	Medtronic plc	83.57	-0.82	-0.97%	8.519M	6.198M	110.966B	26.53	65f86fe0c8033d3aa8d1982b
REGN	Regeneron Pharmaceuticals, Inc.	964.47	+5.43	+0.57%	1.071M	540,077	105.862B	27.75	65f86fe0c8033d3aa8d1982c
BMY	Bristol-Myers Squibb Company	52.34	-0.15	-0.29%	81.423M	16.963M	105.841B	13.56	65f86fe0c8033d3aa8d1982d
VRTX	Vertex Pharmaceuticals Incorporated	407.69	-1.08	-0.26%	1.894M	1.331M	105.31B	29.31	65f86fe0c8033d3aa8d1982e
CI	The Cigna Group	352.05	+2.54	+0.73%	2.877M	1.654M	102.924B	20.24	65f86fe0c8033d3aa8d1982f
CVS	CVS Health Corporation	77.40	+0.98	+1.28%	17.031M	11.018M	97.404B	11.96	65f86fe0c8033d3aa8d19830
BSX	Boston Scientific Corporation	66.23	-0.63	-0.94%	8.828M	6.655M	97.166B	61.90	65f86fe0c8033d3aa8d19831
GILD	Gilead Sciences, Inc.	73.69	-0.52	-0.70%	13.917M	7.209M	91.801B	16.38	65f86fe0c8033d3aa8d19832
HCA	HCA Healthcare, Inc.	321.97	-2.81	-0.87%	1.227M	1.074M	85.161B	16.98	65f86fe0c8033d3aa8d19833
ZTS	Zoetis Inc.	172.57	-1.31	-0.75%	2.21M	2.396M	79.014B	34.04	65f86fe0c8033d3aa8d19834
MCK	McKesson Corporation	533.64	+4.28	+0.81%	1.363M	753,039	70.125B	24.09	65f86fe0c8033d3aa8d19835
BDX	Becton, Dickinson and Company	236.71	-0.46	-0.19%	2.683M	1.522M	68.386B	54.29	65f86fe0c8033d3aa8d19836
LLY	Eli Lilly and Company	754.17	-6.56	-0.86%	3.716M	3.206M	716.585B	129.81	65f86fe6c8033d3aa8d19838
UNH	UnitedHealth Group Incorporated	490.82	+1.82	+0.37%	3.482M	4.006M	452.504B	20.58	65f86fe6c8033d3aa8d19839
JNJ	Johnson & Johnson	158.18	-1.03	-0.65%	13.122M	6.913M	381.179B	30.42	65f86fe6c8033d3aa8d1983a
ABBV	AbbVie Inc.	177.88	-3.32	-1.83%	20.901M	5.422M	314.22B	65.40	65f86fe6c8033d3aa8d1983b
MRK	Merck & Co., Inc.	121.52	+1.01	+0.84%	46.428M	8.397M	307.766B	810.13	65f86fe6c8033d3aa8d1983c
TMO	Thermo Fisher Scientific Inc.	584.15	-0.76	-0.13%	1.913M	1.611M	222.743B	37.88	65f86fe6c8033d3aa8d1983d
ABT	Abbott Laboratories	115.49	-3.36	-2.83%	22.058M	5.115M	200.396B	35.43	65f86fe6c8033d3aa8d1983e
DHR	Danaher Corporation	249.40	-3.82	-1.51%	5.703M	2.66M	184.482B	44.06	65f86fe6c8033d3aa8d1983f
PFE	Pfizer Inc.	27.94	-0.19	-0.68%	31.375M	45.464M	158.211B	75.51	65f86fe6c8033d3aa8d19840
AMGN	Amgen Inc.	268.87	-2.67	-0.98%	8.765M	2.915M	144.093B	21.51	65f86fe6c8033d3aa8d19841
ISRG	Intuitive Surgical, Inc.	396.28	+11.97	+3.11%	3.892M	1.687M	140.461B	78.78	65f86fe6c8033d3aa8d19842
SYK	Stryker Corporation	352.23	-3.41	-0.96%	2.059M	1.32M	133.94B	42.75	65f86fe6c8033d3aa8d19843
ELV	Elevance Health, Inc.	513.08	+2.51	+0.49%	1.439M	1.055M	119.378B	20.33	65f86fe6c8033d3aa8d19844
MDT	Medtronic plc	83.57	-0.82	-0.97%	8.519M	6.198M	110.966B	26.53	65f86fe6c8033d3aa8d19845
REGN	Regeneron Pharmaceuticals, Inc.	964.47	+5.43	+0.57%	1.071M	540,077	105.862B	27.75	65f86fe6c8033d3aa8d19846
BMY	Bristol-Myers Squibb Company	52.34	-0.15	-0.29%	81.423M	16.963M	105.841B	13.56	65f86fe6c8033d3aa8d19847
VRTX	Vertex Pharmaceuticals Incorporated	407.69	-1.08	-0.26%	1.894M	1.331M	105.31B	29.31	65f86fe6c8033d3aa8d19848
CI	The Cigna Group	352.05	+2.54	+0.73%	2.877M	1.654M	102.924B	20.24	65f86fe6c8033d3aa8d19849
CVS	CVS Health Corporation	77.40	+0.98	+1.28%	17.031M	11.018M	97.404B	11.96	65f86fe6c8033d3aa8d1984a
BSX	Boston Scientific Corporation	66.23	-0.63	-0.94%	8.828M	6.655M	97.166B	61.90	65f86fe6c8033d3aa8d1984b
GILD	Gilead Sciences, Inc.	73.69	-0.52	-0.70%	13.917M	7.209M	91.801B	16.38	65f86fe6c8033d3aa8d1984c
HCA	HCA Healthcare, Inc.	321.97	-2.81	-0.87%	1.227M	1.074M	85.161B	16.98	65f86fe6c8033d3aa8d1984d
ZTS	Zoetis Inc.	172.57	-1.31	-0.75%	2.21M	2.396M	79.014B	34.04	65f86fe6c8033d3aa8d1984e
MCK	McKesson Corporation	533.64	+4.28	+0.81%	1.363M	753,039	70.125B	24.09	65f86fe6c8033d3aa8d1984f
BDX	Becton, Dickinson and Company	236.71	-0.46	-0.19%	2.683M	1.522M	68.386B	54.29	65f86fe6c8033d3aa8d19850
LLY	Eli Lilly and Company	754.17	-6.56	-0.86%	3.716M	3.206M	716.585B	129.81	65f86febc8033d3aa8d19852
UNH	UnitedHealth Group Incorporated	490.82	+1.82	+0.37%	3.482M	4.006M	452.504B	20.58	65f86febc8033d3aa8d19853
JNJ	Johnson & Johnson	158.18	-1.03	-0.65%	13.122M	6.913M	381.179B	30.42	65f86febc8033d3aa8d19854
ABBV	AbbVie Inc.	177.88	-3.32	-1.83%	20.901M	5.422M	314.22B	65.40	65f86febc8033d3aa8d19855
MRK	Merck & Co., Inc.	121.52	+1.01	+0.84%	46.428M	8.397M	307.766B	810.13	65f86febc8033d3aa8d19856
TMO	Thermo Fisher Scientific Inc.	584.15	-0.76	-0.13%	1.913M	1.611M	222.743B	37.88	65f86febc8033d3aa8d19857
ABT	Abbott Laboratories	115.49	-3.36	-2.83%	22.058M	5.115M	200.396B	35.43	65f86febc8033d3aa8d19858
DHR	Danaher Corporation	249.40	-3.82	-1.51%	5.703M	2.66M	184.482B	44.06	65f86febc8033d3aa8d19859
PFE	Pfizer Inc.	27.94	-0.19	-0.68%	31.375M	45.464M	158.211B	75.51	65f86febc8033d3aa8d1985a
AMGN	Amgen Inc.	268.87	-2.67	-0.98%	8.765M	2.915M	144.093B	21.51	65f86febc8033d3aa8d1985b
ISRG	Intuitive Surgical, Inc.	396.28	+11.97	+3.11%	3.892M	1.687M	140.461B	78.78	65f86febc8033d3aa8d1985c
SYK	Stryker Corporation	352.23	-3.41	-0.96%	2.059M	1.32M	133.94B	42.75	65f86febc8033d3aa8d1985d
ELV	Elevance Health, Inc.	513.08	+2.51	+0.49%	1.439M	1.055M	119.378B	20.33	65f86febc8033d3aa8d1985e
MDT	Medtronic plc	83.57	-0.82	-0.97%	8.519M	6.198M	110.966B	26.53	65f86febc8033d3aa8d1985f
REGN	Regeneron Pharmaceuticals, Inc.	964.47	+5.43	+0.57%	1.071M	540,077	105.862B	27.75	65f86febc8033d3aa8d19860
BMY	Bristol-Myers Squibb Company	52.34	-0.15	-0.29%	81.423M	16.963M	105.841B	13.56	65f86febc8033d3aa8d19861
VRTX	Vertex Pharmaceuticals Incorporated	407.69	-1.08	-0.26%	1.894M	1.331M	105.31B	29.31	65f86febc8033d3aa8d19862
CI	The Cigna Group	352.05	+2.54	+0.73%	2.877M	1.654M	102.924B	20.24	65f86febc8033d3aa8d19863
CVS	CVS Health Corporation	77.40	+0.98	+1.28%	17.031M	11.018M	97.404B	11.96	65f86febc8033d3aa8d19864
BSX	Boston Scientific Corporation	66.23	-0.63	-0.94%	8.828M	6.655M	97.166B	61.90	65f86febc8033d3aa8d19865
GILD	Gilead Sciences, Inc.	73.69	-0.52	-0.70%	13.917M	7.209M	91.801B	16.38	65f86febc8033d3aa8d19866
HCA	HCA Healthcare, Inc.	321.97	-2.81	-0.87%	1.227M	1.074M	85.161B	16.98	65f86febc8033d3aa8d19867
ZTS	Zoetis Inc.	172.57	-1.31	-0.75%	2.21M	2.396M	79.014B	34.04	65f86febc8033d3aa8d19868
MCK	McKesson Corporation	533.64	+4.28	+0.81%	1.363M	753,039	70.125B	24.09	65f86febc8033d3aa8d19869
BDX	Becton, Dickinson and Company	236.71	-0.46	-0.19%	2.683M	1.522M	68.386B	54.29	65f86febc8033d3aa8d1986a
LLY	Eli Lilly and Company	754.17	-6.56	-0.86%	3.716M	3.206M	716.585B	129.81	65f86ff1c8033d3aa8d1986c
UNH	UnitedHealth Group Incorporated	490.82	+1.82	+0.37%	3.482M	4.006M	452.504B	20.58	65f86ff1c8033d3aa8d1986d
JNJ	Johnson & Johnson	158.18	-1.03	-0.65%	13.122M	6.913M	381.179B	30.42	65f86ff1c8033d3aa8d1986e
ABBV	AbbVie Inc.	177.88	-3.32	-1.83%	20.901M	5.422M	314.22B	65.40	65f86ff1c8033d3aa8d1986f
MRK	Merck & Co., Inc.	121.52	+1.01	+0.84%	46.428M	8.397M	307.766B	810.13	65f86ff1c8033d3aa8d19870
TMO	Thermo Fisher Scientific Inc.	584.15	-0.76	-0.13%	1.913M	1.611M	222.743B	37.88	65f86ff1c8033d3aa8d19871
ABT	Abbott Laboratories	115.49	-3.36	-2.83%	22.058M	5.115M	200.396B	35.43	65f86ff1c8033d3aa8d19872
DHR	Danaher Corporation	249.40	-3.82	-1.51%	5.703M	2.66M	184.482B	44.06	65f86ff1c8033d3aa8d19873
PFE	Pfizer Inc.	27.94	-0.19	-0.68%	31.375M	45.464M	158.211B	75.51	65f86ff1c8033d3aa8d19874
AMGN	Amgen Inc.	268.87	-2.67	-0.98%	8.765M	2.915M	144.093B	21.51	65f86ff1c8033d3aa8d19875
ISRG	Intuitive Surgical, Inc.	396.28	+11.97	+3.11%	3.892M	1.687M	140.461B	78.78	65f86ff1c8033d3aa8d19876
SYK	Stryker Corporation	352.23	-3.41	-0.96%	2.059M	1.32M	133.94B	42.75	65f86ff1c8033d3aa8d19877
ELV	Elevance Health, Inc.	513.08	+2.51	+0.49%	1.439M	1.055M	119.378B	20.33	65f86ff1c8033d3aa8d19878
MDT	Medtronic plc	83.57	-0.82	-0.97%	8.519M	6.198M	110.966B	26.53	65f86ff1c8033d3aa8d19879
REGN	Regeneron Pharmaceuticals, Inc.	964.47	+5.43	+0.57%	1.071M	540,077	105.862B	27.75	65f86ff1c8033d3aa8d1987a
BMY	Bristol-Myers Squibb Company	52.34	-0.15	-0.29%	81.423M	16.963M	105.841B	13.56	65f86ff1c8033d3aa8d1987b
VRTX	Vertex Pharmaceuticals Incorporated	407.69	-1.08	-0.26%	1.894M	1.331M	105.31B	29.31	65f86ff1c8033d3aa8d1987c
CI	The Cigna Group	352.05	+2.54	+0.73%	2.877M	1.654M	102.924B	20.24	65f86ff1c8033d3aa8d1987d
CVS	CVS Health Corporation	77.40	+0.98	+1.28%	17.031M	11.018M	97.404B	11.96	65f86ff1c8033d3aa8d1987e
BSX	Boston Scientific Corporation	66.23	-0.63	-0.94%	8.828M	6.655M	97.166B	61.90	65f86ff1c8033d3aa8d1987f
GILD	Gilead Sciences, Inc.	73.69	-0.52	-0.70%	13.917M	7.209M	91.801B	16.38	65f86ff1c8033d3aa8d19880
HCA	HCA Healthcare, Inc.	321.97	-2.81	-0.87%	1.227M	1.074M	85.161B	16.98	65f86ff1c8033d3aa8d19881
ZTS	Zoetis Inc.	172.57	-1.31	-0.75%	2.21M	2.396M	79.014B	34.04	65f86ff1c8033d3aa8d19882
MCK	McKesson Corporation	533.64	+4.28	+0.81%	1.363M	753,039	70.125B	24.09	65f86ff1c8033d3aa8d19883
BDX	Becton, Dickinson and Company	236.71	-0.46	-0.19%	2.683M	1.522M	68.386B	54.29	65f86ff1c8033d3aa8d19884
LLY	Eli Lilly and Company	754.17	-6.56	-0.86%	3.716M	3.206M	716.585B	129.81	65f86ff7c8033d3aa8d19886
UNH	UnitedHealth Group Incorporated	490.82	+1.82	+0.37%	3.482M	4.006M	452.504B	20.58	65f86ff7c8033d3aa8d19887
JNJ	Johnson & Johnson	158.18	-1.03	-0.65%	13.122M	6.913M	381.179B	30.42	65f86ff7c8033d3aa8d19888
ABBV	AbbVie Inc.	177.88	-3.32	-1.83%	20.901M	5.422M	314.22B	65.40	65f86ff7c8033d3aa8d19889
MRK	Merck & Co., Inc.	121.52	+1.01	+0.84%	46.428M	8.397M	307.766B	810.13	65f86ff7c8033d3aa8d1988a
TMO	Thermo Fisher Scientific Inc.	584.15	-0.76	-0.13%	1.913M	1.611M	222.743B	37.88	65f86ff7c8033d3aa8d1988b
ABT	Abbott Laboratories	115.49	-3.36	-2.83%	22.058M	5.115M	200.396B	35.43	65f86ff7c8033d3aa8d1988c
DHR	Danaher Corporation	249.40	-3.82	-1.51%	5.703M	2.66M	184.482B	44.06	65f86ff7c8033d3aa8d1988d
PFE	Pfizer Inc.	27.94	-0.19	-0.68%	31.375M	45.464M	158.211B	75.51	65f86ff7c8033d3aa8d1988e
AMGN	Amgen Inc.	268.87	-2.67	-0.98%	8.765M	2.915M	144.093B	21.51	65f86ff7c8033d3aa8d1988f
ISRG	Intuitive Surgical, Inc.	396.28	+11.97	+3.11%	3.892M	1.687M	140.461B	78.78	65f86ff7c8033d3aa8d19890
SYK	Stryker Corporation	352.23	-3.41	-0.96%	2.059M	1.32M	133.94B	42.75	65f86ff7c8033d3aa8d19891
ELV	Elevance Health, Inc.	513.08	+2.51	+0.49%	1.439M	1.055M	119.378B	20.33	65f86ff7c8033d3aa8d19892
MDT	Medtronic plc	83.57	-0.82	-0.97%	8.519M	6.198M	110.966B	26.53	65f86ff7c8033d3aa8d19893
REGN	Regeneron Pharmaceuticals, Inc.	964.47	+5.43	+0.57%	1.071M	540,077	105.862B	27.75	65f86ff7c8033d3aa8d19894
BMY	Bristol-Myers Squibb Company	52.34	-0.15	-0.29%	81.423M	16.963M	105.841B	13.56	65f86ff7c8033d3aa8d19895
VRTX	Vertex Pharmaceuticals Incorporated	407.69	-1.08	-0.26%	1.894M	1.331M	105.31B	29.31	65f86ff7c8033d3aa8d19896
CI	The Cigna Group	352.05	+2.54	+0.73%	2.877M	1.654M	102.924B	20.24	65f86ff7c8033d3aa8d19897
CVS	CVS Health Corporation	77.40	+0.98	+1.28%	17.031M	11.018M	97.404B	11.96	65f86ff7c8033d3aa8d19898
BSX	Boston Scientific Corporation	66.23	-0.63	-0.94%	8.828M	6.655M	97.166B	61.90	65f86ff7c8033d3aa8d19899
GILD	Gilead Sciences, Inc.	73.69	-0.52	-0.70%	13.917M	7.209M	91.801B	16.38	65f86ff7c8033d3aa8d1989a
HCA	HCA Healthcare, Inc.	321.97	-2.81	-0.87%	1.227M	1.074M	85.161B	16.98	65f86ff7c8033d3aa8d1989b
ZTS	Zoetis Inc.	172.57	-1.31	-0.75%	2.21M	2.396M	79.014B	34.04	65f86ff7c8033d3aa8d1989c
MCK	McKesson Corporation	533.64	+4.28	+0.81%	1.363M	753,039	70.125B	24.09	65f86ff7c8033d3aa8d1989d
BDX	Becton, Dickinson and Company	236.71	-0.46	-0.19%	2.683M	1.522M	68.386B	54.29	65f86ff7c8033d3aa8d1989e
LLY	Eli Lilly and Company	754.17	-6.56	-0.86%	3.716M	3.206M	716.585B	129.81	65f86ffdc8033d3aa8d198a0
UNH	UnitedHealth Group Incorporated	490.82	+1.82	+0.37%	3.482M	4.006M	452.504B	20.58	65f86ffdc8033d3aa8d198a1
JNJ	Johnson & Johnson	158.18	-1.03	-0.65%	13.122M	6.913M	381.179B	30.42	65f86ffdc8033d3aa8d198a2
ABBV	AbbVie Inc.	177.88	-3.32	-1.83%	20.901M	5.422M	314.22B	65.40	65f86ffdc8033d3aa8d198a3
MRK	Merck & Co., Inc.	121.52	+1.01	+0.84%	46.428M	8.397M	307.766B	810.13	65f86ffdc8033d3aa8d198a4
TMO	Thermo Fisher Scientific Inc.	584.15	-0.76	-0.13%	1.913M	1.611M	222.743B	37.88	65f86ffdc8033d3aa8d198a5
ABT	Abbott Laboratories	115.49	-3.36	-2.83%	22.058M	5.115M	200.396B	35.43	65f86ffdc8033d3aa8d198a6
DHR	Danaher Corporation	249.40	-3.82	-1.51%	5.703M	2.66M	184.482B	44.06	65f86ffdc8033d3aa8d198a7
PFE	Pfizer Inc.	27.94	-0.19	-0.68%	31.375M	45.464M	158.211B	75.51	65f86ffdc8033d3aa8d198a8
AMGN	Amgen Inc.	268.87	-2.67	-0.98%	8.765M	2.915M	144.093B	21.51	65f86ffdc8033d3aa8d198a9
ISRG	Intuitive Surgical, Inc.	396.28	+11.97	+3.11%	3.892M	1.687M	140.461B	78.78	65f86ffdc8033d3aa8d198aa
SYK	Stryker Corporation	352.23	-3.41	-0.96%	2.059M	1.32M	133.94B	42.75	65f86ffdc8033d3aa8d198ab
ELV	Elevance Health, Inc.	513.08	+2.51	+0.49%	1.439M	1.055M	119.378B	20.33	65f86ffdc8033d3aa8d198ac
MDT	Medtronic plc	83.57	-0.82	-0.97%	8.519M	6.198M	110.966B	26.53	65f86ffdc8033d3aa8d198ad
REGN	Regeneron Pharmaceuticals, Inc.	964.47	+5.43	+0.57%	1.071M	540,077	105.862B	27.75	65f86ffdc8033d3aa8d198ae
BMY	Bristol-Myers Squibb Company	52.34	-0.15	-0.29%	81.423M	16.963M	105.841B	13.56	65f86ffdc8033d3aa8d198af
VRTX	Vertex Pharmaceuticals Incorporated	407.69	-1.08	-0.26%	1.894M	1.331M	105.31B	29.31	65f86ffdc8033d3aa8d198b0
CI	The Cigna Group	352.05	+2.54	+0.73%	2.877M	1.654M	102.924B	20.24	65f86ffdc8033d3aa8d198b1
CVS	CVS Health Corporation	77.40	+0.98	+1.28%	17.031M	11.018M	97.404B	11.96	65f86ffdc8033d3aa8d198b2
BSX	Boston Scientific Corporation	66.23	-0.63	-0.94%	8.828M	6.655M	97.166B	61.90	65f86ffdc8033d3aa8d198b3
GILD	Gilead Sciences, Inc.	73.69	-0.52	-0.70%	13.917M	7.209M	91.801B	16.38	65f86ffdc8033d3aa8d198b4
HCA	HCA Healthcare, Inc.	321.97	-2.81	-0.87%	1.227M	1.074M	85.161B	16.98	65f86ffdc8033d3aa8d198b5
ZTS	Zoetis Inc.	172.57	-1.31	-0.75%	2.21M	2.396M	79.014B	34.04	65f86ffdc8033d3aa8d198b6
MCK	McKesson Corporation	533.64	+4.28	+0.81%	1.363M	753,039	70.125B	24.09	65f86ffdc8033d3aa8d198b7
BDX	Becton, Dickinson and Company	236.71	-0.46	-0.19%	2.683M	1.522M	68.386B	54.29	65f86ffdc8033d3aa8d198b8
LLY	Eli Lilly and Company	754.17	-6.56	-0.86%	3.716M	3.206M	716.585B	129.81	65f87002c8033d3aa8d198ba
UNH	UnitedHealth Group Incorporated	490.82	+1.82	+0.37%	3.482M	4.006M	452.504B	20.58	65f87002c8033d3aa8d198bb
JNJ	Johnson & Johnson	158.18	-1.03	-0.65%	13.122M	6.913M	381.179B	30.42	65f87002c8033d3aa8d198bc
ABBV	AbbVie Inc.	177.88	-3.32	-1.83%	20.901M	5.422M	314.22B	65.40	65f87002c8033d3aa8d198bd
MRK	Merck & Co., Inc.	121.52	+1.01	+0.84%	46.428M	8.397M	307.766B	810.13	65f87002c8033d3aa8d198be
TMO	Thermo Fisher Scientific Inc.	584.15	-0.76	-0.13%	1.913M	1.611M	222.743B	37.88	65f87002c8033d3aa8d198bf
ABT	Abbott Laboratories	115.49	-3.36	-2.83%	22.058M	5.115M	200.396B	35.43	65f87002c8033d3aa8d198c0
DHR	Danaher Corporation	249.40	-3.82	-1.51%	5.703M	2.66M	184.482B	44.06	65f87002c8033d3aa8d198c1
PFE	Pfizer Inc.	27.94	-0.19	-0.68%	31.375M	45.464M	158.211B	75.51	65f87002c8033d3aa8d198c2
AMGN	Amgen Inc.	268.87	-2.67	-0.98%	8.765M	2.915M	144.093B	21.51	65f87002c8033d3aa8d198c3
ISRG	Intuitive Surgical, Inc.	396.28	+11.97	+3.11%	3.892M	1.687M	140.461B	78.78	65f87002c8033d3aa8d198c4
SYK	Stryker Corporation	352.23	-3.41	-0.96%	2.059M	1.32M	133.94B	42.75	65f87002c8033d3aa8d198c5
ELV	Elevance Health, Inc.	513.08	+2.51	+0.49%	1.439M	1.055M	119.378B	20.33	65f87002c8033d3aa8d198c6
MDT	Medtronic plc	83.57	-0.82	-0.97%	8.519M	6.198M	110.966B	26.53	65f87002c8033d3aa8d198c7
REGN	Regeneron Pharmaceuticals, Inc.	964.47	+5.43	+0.57%	1.071M	540,077	105.862B	27.75	65f87002c8033d3aa8d198c8
BMY	Bristol-Myers Squibb Company	52.34	-0.15	-0.29%	81.423M	16.963M	105.841B	13.56	65f87002c8033d3aa8d198c9
VRTX	Vertex Pharmaceuticals Incorporated	407.69	-1.08	-0.26%	1.894M	1.331M	105.31B	29.31	65f87002c8033d3aa8d198ca
CI	The Cigna Group	352.05	+2.54	+0.73%	2.877M	1.654M	102.924B	20.24	65f87002c8033d3aa8d198cb
CVS	CVS Health Corporation	77.40	+0.98	+1.28%	17.031M	11.018M	97.404B	11.96	65f87002c8033d3aa8d198cc
BSX	Boston Scientific Corporation	66.23	-0.63	-0.94%	8.828M	6.655M	97.166B	61.90	65f87002c8033d3aa8d198cd
GILD	Gilead Sciences, Inc.	73.69	-0.52	-0.70%	13.917M	7.209M	91.801B	16.38	65f87002c8033d3aa8d198ce
HCA	HCA Healthcare, Inc.	321.97	-2.81	-0.87%	1.227M	1.074M	85.161B	16.98	65f87002c8033d3aa8d198cf
ZTS	Zoetis Inc.	172.57	-1.31	-0.75%	2.21M	2.396M	79.014B	34.04	65f87002c8033d3aa8d198d0
MCK	McKesson Corporation	533.64	+4.28	+0.81%	1.363M	753,039	70.125B	24.09	65f87002c8033d3aa8d198d1
BDX	Becton, Dickinson and Company	236.71	-0.46	-0.19%	2.683M	1.522M	68.386B	54.29	65f87002c8033d3aa8d198d2
LLY	Eli Lilly and Company	754.17	-6.56	-0.86%	3.716M	3.206M	716.585B	129.81	65f87006c8033d3aa8d198d4
UNH	UnitedHealth Group Incorporated	490.82	+1.82	+0.37%	3.482M	4.006M	452.504B	20.58	65f87006c8033d3aa8d198d5
JNJ	Johnson & Johnson	158.18	-1.03	-0.65%	13.122M	6.913M	381.179B	30.42	65f87006c8033d3aa8d198d6
ABBV	AbbVie Inc.	177.88	-3.32	-1.83%	20.901M	5.422M	314.22B	65.40	65f87006c8033d3aa8d198d7
MRK	Merck & Co., Inc.	121.52	+1.01	+0.84%	46.428M	8.397M	307.766B	810.13	65f87006c8033d3aa8d198d8
TMO	Thermo Fisher Scientific Inc.	584.15	-0.76	-0.13%	1.913M	1.611M	222.743B	37.88	65f87006c8033d3aa8d198d9
ABT	Abbott Laboratories	115.49	-3.36	-2.83%	22.058M	5.115M	200.396B	35.43	65f87006c8033d3aa8d198da
DHR	Danaher Corporation	249.40	-3.82	-1.51%	5.703M	2.66M	184.482B	44.06	65f87006c8033d3aa8d198db
PFE	Pfizer Inc.	27.94	-0.19	-0.68%	31.375M	45.464M	158.211B	75.51	65f87006c8033d3aa8d198dc
AMGN	Amgen Inc.	268.87	-2.67	-0.98%	8.765M	2.915M	144.093B	21.51	65f87006c8033d3aa8d198dd
ISRG	Intuitive Surgical, Inc.	396.28	+11.97	+3.11%	3.892M	1.687M	140.461B	78.78	65f87006c8033d3aa8d198de
SYK	Stryker Corporation	352.23	-3.41	-0.96%	2.059M	1.32M	133.94B	42.75	65f87006c8033d3aa8d198df
ELV	Elevance Health, Inc.	513.08	+2.51	+0.49%	1.439M	1.055M	119.378B	20.33	65f87006c8033d3aa8d198e0
MDT	Medtronic plc	83.57	-0.82	-0.97%	8.519M	6.198M	110.966B	26.53	65f87006c8033d3aa8d198e1
REGN	Regeneron Pharmaceuticals, Inc.	964.47	+5.43	+0.57%	1.071M	540,077	105.862B	27.75	65f87006c8033d3aa8d198e2
BMY	Bristol-Myers Squibb Company	52.34	-0.15	-0.29%	81.423M	16.963M	105.841B	13.56	65f87006c8033d3aa8d198e3
VRTX	Vertex Pharmaceuticals Incorporated	407.69	-1.08	-0.26%	1.894M	1.331M	105.31B	29.31	65f87006c8033d3aa8d198e4
CI	The Cigna Group	352.05	+2.54	+0.73%	2.877M	1.654M	102.924B	20.24	65f87006c8033d3aa8d198e5
CVS	CVS Health Corporation	77.40	+0.98	+1.28%	17.031M	11.018M	97.404B	11.96	65f87006c8033d3aa8d198e6
BSX	Boston Scientific Corporation	66.23	-0.63	-0.94%	8.828M	6.655M	97.166B	61.90	65f87006c8033d3aa8d198e7
GILD	Gilead Sciences, Inc.	73.69	-0.52	-0.70%	13.917M	7.209M	91.801B	16.38	65f87006c8033d3aa8d198e8
HCA	HCA Healthcare, Inc.	321.97	-2.81	-0.87%	1.227M	1.074M	85.161B	16.98	65f87006c8033d3aa8d198e9
ZTS	Zoetis Inc.	172.57	-1.31	-0.75%	2.21M	2.396M	79.014B	34.04	65f87006c8033d3aa8d198ea
MCK	McKesson Corporation	533.64	+4.28	+0.81%	1.363M	753,039	70.125B	24.09	65f87006c8033d3aa8d198eb
BDX	Becton, Dickinson and Company	236.71	-0.46	-0.19%	2.683M	1.522M	68.386B	54.29	65f87006c8033d3aa8d198ec
LLY	Eli Lilly and Company	754.17	-6.56	-0.86%	3.716M	3.206M	716.585B	129.81	65f8700cc8033d3aa8d198ee
UNH	UnitedHealth Group Incorporated	490.82	+1.82	+0.37%	3.482M	4.006M	452.504B	20.58	65f8700cc8033d3aa8d198ef
JNJ	Johnson & Johnson	158.18	-1.03	-0.65%	13.122M	6.913M	381.179B	30.42	65f8700cc8033d3aa8d198f0
ABBV	AbbVie Inc.	177.88	-3.32	-1.83%	20.901M	5.422M	314.22B	65.40	65f8700cc8033d3aa8d198f1
MRK	Merck & Co., Inc.	121.52	+1.01	+0.84%	46.428M	8.397M	307.766B	810.13	65f8700cc8033d3aa8d198f2
TMO	Thermo Fisher Scientific Inc.	584.15	-0.76	-0.13%	1.913M	1.611M	222.743B	37.88	65f8700cc8033d3aa8d198f3
ABT	Abbott Laboratories	115.49	-3.36	-2.83%	22.058M	5.115M	200.396B	35.43	65f8700cc8033d3aa8d198f4
DHR	Danaher Corporation	249.40	-3.82	-1.51%	5.703M	2.66M	184.482B	44.06	65f8700cc8033d3aa8d198f5
PFE	Pfizer Inc.	27.94	-0.19	-0.68%	31.375M	45.464M	158.211B	75.51	65f8700cc8033d3aa8d198f6
AMGN	Amgen Inc.	268.87	-2.67	-0.98%	8.765M	2.915M	144.093B	21.51	65f8700cc8033d3aa8d198f7
ISRG	Intuitive Surgical, Inc.	396.28	+11.97	+3.11%	3.892M	1.687M	140.461B	78.78	65f8700cc8033d3aa8d198f8
SYK	Stryker Corporation	352.23	-3.41	-0.96%	2.059M	1.32M	133.94B	42.75	65f8700cc8033d3aa8d198f9
ELV	Elevance Health, Inc.	513.08	+2.51	+0.49%	1.439M	1.055M	119.378B	20.33	65f8700cc8033d3aa8d198fa
MDT	Medtronic plc	83.57	-0.82	-0.97%	8.519M	6.198M	110.966B	26.53	65f8700cc8033d3aa8d198fb
REGN	Regeneron Pharmaceuticals, Inc.	964.47	+5.43	+0.57%	1.071M	540,077	105.862B	27.75	65f8700cc8033d3aa8d198fc
BMY	Bristol-Myers Squibb Company	52.34	-0.15	-0.29%	81.423M	16.963M	105.841B	13.56	65f8700cc8033d3aa8d198fd
VRTX	Vertex Pharmaceuticals Incorporated	407.69	-1.08	-0.26%	1.894M	1.331M	105.31B	29.31	65f8700cc8033d3aa8d198fe
CI	The Cigna Group	352.05	+2.54	+0.73%	2.877M	1.654M	102.924B	20.24	65f8700cc8033d3aa8d198ff
CVS	CVS Health Corporation	77.40	+0.98	+1.28%	17.031M	11.018M	97.404B	11.96	65f8700cc8033d3aa8d19900
BSX	Boston Scientific Corporation	66.23	-0.63	-0.94%	8.828M	6.655M	97.166B	61.90	65f8700cc8033d3aa8d19901
GILD	Gilead Sciences, Inc.	73.69	-0.52	-0.70%	13.917M	7.209M	91.801B	16.38	65f8700cc8033d3aa8d19902
HCA	HCA Healthcare, Inc.	321.97	-2.81	-0.87%	1.227M	1.074M	85.161B	16.98	65f8700cc8033d3aa8d19903
ZTS	Zoetis Inc.	172.57	-1.31	-0.75%	2.21M	2.396M	79.014B	34.04	65f8700cc8033d3aa8d19904
MCK	McKesson Corporation	533.64	+4.28	+0.81%	1.363M	753,039	70.125B	24.09	65f8700cc8033d3aa8d19905
BDX	Becton, Dickinson and Company	236.71	-0.46	-0.19%	2.683M	1.522M	68.386B	54.29	65f8700cc8033d3aa8d19906
LLY	Eli Lilly and Company	754.17	-6.56	-0.86%	3.716M	3.206M	716.585B	129.81	65f87011c8033d3aa8d19908
UNH	UnitedHealth Group Incorporated	490.82	+1.82	+0.37%	3.482M	4.006M	452.504B	20.58	65f87011c8033d3aa8d19909
JNJ	Johnson & Johnson	158.18	-1.03	-0.65%	13.122M	6.913M	381.179B	30.42	65f87011c8033d3aa8d1990a
ABBV	AbbVie Inc.	177.88	-3.32	-1.83%	20.901M	5.422M	314.22B	65.40	65f87011c8033d3aa8d1990b
MRK	Merck & Co., Inc.	121.52	+1.01	+0.84%	46.428M	8.397M	307.766B	810.13	65f87011c8033d3aa8d1990c
TMO	Thermo Fisher Scientific Inc.	584.15	-0.76	-0.13%	1.913M	1.611M	222.743B	37.88	65f87011c8033d3aa8d1990d
ABT	Abbott Laboratories	115.49	-3.36	-2.83%	22.058M	5.115M	200.396B	35.43	65f87011c8033d3aa8d1990e
DHR	Danaher Corporation	249.40	-3.82	-1.51%	5.703M	2.66M	184.482B	44.06	65f87011c8033d3aa8d1990f
PFE	Pfizer Inc.	27.94	-0.19	-0.68%	31.375M	45.464M	158.211B	75.51	65f87011c8033d3aa8d19910
AMGN	Amgen Inc.	268.87	-2.67	-0.98%	8.765M	2.915M	144.093B	21.51	65f87011c8033d3aa8d19911
ISRG	Intuitive Surgical, Inc.	396.28	+11.97	+3.11%	3.892M	1.687M	140.461B	78.78	65f87011c8033d3aa8d19912
SYK	Stryker Corporation	352.23	-3.41	-0.96%	2.059M	1.32M	133.94B	42.75	65f87011c8033d3aa8d19913
ELV	Elevance Health, Inc.	513.08	+2.51	+0.49%	1.439M	1.055M	119.378B	20.33	65f87011c8033d3aa8d19914
MDT	Medtronic plc	83.57	-0.82	-0.97%	8.519M	6.198M	110.966B	26.53	65f87011c8033d3aa8d19915
REGN	Regeneron Pharmaceuticals, Inc.	964.47	+5.43	+0.57%	1.071M	540,077	105.862B	27.75	65f87011c8033d3aa8d19916
BMY	Bristol-Myers Squibb Company	52.34	-0.15	-0.29%	81.423M	16.963M	105.841B	13.56	65f87011c8033d3aa8d19917
VRTX	Vertex Pharmaceuticals Incorporated	407.69	-1.08	-0.26%	1.894M	1.331M	105.31B	29.31	65f87011c8033d3aa8d19918
CI	The Cigna Group	352.05	+2.54	+0.73%	2.877M	1.654M	102.924B	20.24	65f87011c8033d3aa8d19919
CVS	CVS Health Corporation	77.40	+0.98	+1.28%	17.031M	11.018M	97.404B	11.96	65f87011c8033d3aa8d1991a
BSX	Boston Scientific Corporation	66.23	-0.63	-0.94%	8.828M	6.655M	97.166B	61.90	65f87011c8033d3aa8d1991b
GILD	Gilead Sciences, Inc.	73.69	-0.52	-0.70%	13.917M	7.209M	91.801B	16.38	65f87011c8033d3aa8d1991c
HCA	HCA Healthcare, Inc.	321.97	-2.81	-0.87%	1.227M	1.074M	85.161B	16.98	65f87011c8033d3aa8d1991d
ZTS	Zoetis Inc.	172.57	-1.31	-0.75%	2.21M	2.396M	79.014B	34.04	65f87011c8033d3aa8d1991e
MCK	McKesson Corporation	533.64	+4.28	+0.81%	1.363M	753,039	70.125B	24.09	65f87011c8033d3aa8d1991f
BDX	Becton, Dickinson and Company	236.71	-0.46	-0.19%	2.683M	1.522M	68.386B	54.29	65f87011c8033d3aa8d19920
LLY	Eli Lilly and Company	754.17	-6.56	-0.86%	3.716M	3.206M	716.585B	129.81	65f87015c8033d3aa8d19922
UNH	UnitedHealth Group Incorporated	490.82	+1.82	+0.37%	3.482M	4.006M	452.504B	20.58	65f87015c8033d3aa8d19923
JNJ	Johnson & Johnson	158.18	-1.03	-0.65%	13.122M	6.913M	381.179B	30.42	65f87015c8033d3aa8d19924
ABBV	AbbVie Inc.	177.88	-3.32	-1.83%	20.901M	5.422M	314.22B	65.40	65f87015c8033d3aa8d19925
MRK	Merck & Co., Inc.	121.52	+1.01	+0.84%	46.428M	8.397M	307.766B	810.13	65f87015c8033d3aa8d19926
TMO	Thermo Fisher Scientific Inc.	584.15	-0.76	-0.13%	1.913M	1.611M	222.743B	37.88	65f87015c8033d3aa8d19927
ABT	Abbott Laboratories	115.49	-3.36	-2.83%	22.058M	5.115M	200.396B	35.43	65f87015c8033d3aa8d19928
DHR	Danaher Corporation	249.40	-3.82	-1.51%	5.703M	2.66M	184.482B	44.06	65f87015c8033d3aa8d19929
PFE	Pfizer Inc.	27.94	-0.19	-0.68%	31.375M	45.464M	158.211B	75.51	65f87015c8033d3aa8d1992a
AMGN	Amgen Inc.	268.87	-2.67	-0.98%	8.765M	2.915M	144.093B	21.51	65f87015c8033d3aa8d1992b
ISRG	Intuitive Surgical, Inc.	396.28	+11.97	+3.11%	3.892M	1.687M	140.461B	78.78	65f87015c8033d3aa8d1992c
SYK	Stryker Corporation	352.23	-3.41	-0.96%	2.059M	1.32M	133.94B	42.75	65f87015c8033d3aa8d1992d
ELV	Elevance Health, Inc.	513.08	+2.51	+0.49%	1.439M	1.055M	119.378B	20.33	65f87015c8033d3aa8d1992e
MDT	Medtronic plc	83.57	-0.82	-0.97%	8.519M	6.198M	110.966B	26.53	65f87015c8033d3aa8d1992f
REGN	Regeneron Pharmaceuticals, Inc.	964.47	+5.43	+0.57%	1.071M	540,077	105.862B	27.75	65f87015c8033d3aa8d19930
BMY	Bristol-Myers Squibb Company	52.34	-0.15	-0.29%	81.423M	16.963M	105.841B	13.56	65f87015c8033d3aa8d19931
VRTX	Vertex Pharmaceuticals Incorporated	407.69	-1.08	-0.26%	1.894M	1.331M	105.31B	29.31	65f87015c8033d3aa8d19932
CI	The Cigna Group	352.05	+2.54	+0.73%	2.877M	1.654M	102.924B	20.24	65f87015c8033d3aa8d19933
CVS	CVS Health Corporation	77.40	+0.98	+1.28%	17.031M	11.018M	97.404B	11.96	65f87015c8033d3aa8d19934
BSX	Boston Scientific Corporation	66.23	-0.63	-0.94%	8.828M	6.655M	97.166B	61.90	65f87015c8033d3aa8d19935
GILD	Gilead Sciences, Inc.	73.69	-0.52	-0.70%	13.917M	7.209M	91.801B	16.38	65f87015c8033d3aa8d19936
HCA	HCA Healthcare, Inc.	321.97	-2.81	-0.87%	1.227M	1.074M	85.161B	16.98	65f87015c8033d3aa8d19937
ZTS	Zoetis Inc.	172.57	-1.31	-0.75%	2.21M	2.396M	79.014B	34.04	65f87015c8033d3aa8d19938
MCK	McKesson Corporation	533.64	+4.28	+0.81%	1.363M	753,039	70.125B	24.09	65f87015c8033d3aa8d19939
BDX	Becton, Dickinson and Company	236.71	-0.46	-0.19%	2.683M	1.522M	68.386B	54.29	65f87015c8033d3aa8d1993a
LLY	Eli Lilly and Company	754.17	-6.56	-0.86%	3.716M	3.206M	716.585B	129.81	65f8701ac8033d3aa8d1993c
UNH	UnitedHealth Group Incorporated	490.82	+1.82	+0.37%	3.482M	4.006M	452.504B	20.58	65f8701ac8033d3aa8d1993d
JNJ	Johnson & Johnson	158.18	-1.03	-0.65%	13.122M	6.913M	381.179B	30.42	65f8701ac8033d3aa8d1993e
ABBV	AbbVie Inc.	177.88	-3.32	-1.83%	20.901M	5.422M	314.22B	65.40	65f8701ac8033d3aa8d1993f
MRK	Merck & Co., Inc.	121.52	+1.01	+0.84%	46.428M	8.397M	307.766B	810.13	65f8701ac8033d3aa8d19940
TMO	Thermo Fisher Scientific Inc.	584.15	-0.76	-0.13%	1.913M	1.611M	222.743B	37.88	65f8701ac8033d3aa8d19941
ABT	Abbott Laboratories	115.49	-3.36	-2.83%	22.058M	5.115M	200.396B	35.43	65f8701ac8033d3aa8d19942
DHR	Danaher Corporation	249.40	-3.82	-1.51%	5.703M	2.66M	184.482B	44.06	65f8701ac8033d3aa8d19943
PFE	Pfizer Inc.	27.94	-0.19	-0.68%	31.375M	45.464M	158.211B	75.51	65f8701ac8033d3aa8d19944
AMGN	Amgen Inc.	268.87	-2.67	-0.98%	8.765M	2.915M	144.093B	21.51	65f8701ac8033d3aa8d19945
ISRG	Intuitive Surgical, Inc.	396.28	+11.97	+3.11%	3.892M	1.687M	140.461B	78.78	65f8701ac8033d3aa8d19946
SYK	Stryker Corporation	352.23	-3.41	-0.96%	2.059M	1.32M	133.94B	42.75	65f8701ac8033d3aa8d19947
ELV	Elevance Health, Inc.	513.08	+2.51	+0.49%	1.439M	1.055M	119.378B	20.33	65f8701ac8033d3aa8d19948
MDT	Medtronic plc	83.57	-0.82	-0.97%	8.519M	6.198M	110.966B	26.53	65f8701ac8033d3aa8d19949
REGN	Regeneron Pharmaceuticals, Inc.	964.47	+5.43	+0.57%	1.071M	540,077	105.862B	27.75	65f8701ac8033d3aa8d1994a
BMY	Bristol-Myers Squibb Company	52.34	-0.15	-0.29%	81.423M	16.963M	105.841B	13.56	65f8701ac8033d3aa8d1994b
VRTX	Vertex Pharmaceuticals Incorporated	407.69	-1.08	-0.26%	1.894M	1.331M	105.31B	29.31	65f8701ac8033d3aa8d1994c
CI	The Cigna Group	352.05	+2.54	+0.73%	2.877M	1.654M	102.924B	20.24	65f8701ac8033d3aa8d1994d
CVS	CVS Health Corporation	77.40	+0.98	+1.28%	17.031M	11.018M	97.404B	11.96	65f8701ac8033d3aa8d1994e
BSX	Boston Scientific Corporation	66.23	-0.63	-0.94%	8.828M	6.655M	97.166B	61.90	65f8701ac8033d3aa8d1994f
GILD	Gilead Sciences, Inc.	73.69	-0.52	-0.70%	13.917M	7.209M	91.801B	16.38	65f8701ac8033d3aa8d19950
HCA	HCA Healthcare, Inc.	321.97	-2.81	-0.87%	1.227M	1.074M	85.161B	16.98	65f8701ac8033d3aa8d19951
ZTS	Zoetis Inc.	172.57	-1.31	-0.75%	2.21M	2.396M	79.014B	34.04	65f8701ac8033d3aa8d19952
MCK	McKesson Corporation	533.64	+4.28	+0.81%	1.363M	753,039	70.125B	24.09	65f8701ac8033d3aa8d19953
BDX	Becton, Dickinson and Company	236.71	-0.46	-0.19%	2.683M	1.522M	68.386B	54.29	65f8701ac8033d3aa8d19954
LLY	Eli Lilly and Company	754.17	-6.56	-0.86%	3.716M	3.206M	716.585B	129.81	65f8701fc8033d3aa8d19956
UNH	UnitedHealth Group Incorporated	490.82	+1.82	+0.37%	3.482M	4.006M	452.504B	20.58	65f8701fc8033d3aa8d19957
JNJ	Johnson & Johnson	158.18	-1.03	-0.65%	13.122M	6.913M	381.179B	30.42	65f8701fc8033d3aa8d19958
ABBV	AbbVie Inc.	177.88	-3.32	-1.83%	20.901M	5.422M	314.22B	65.40	65f8701fc8033d3aa8d19959
MRK	Merck & Co., Inc.	121.52	+1.01	+0.84%	46.428M	8.397M	307.766B	810.13	65f8701fc8033d3aa8d1995a
TMO	Thermo Fisher Scientific Inc.	584.15	-0.76	-0.13%	1.913M	1.611M	222.743B	37.88	65f8701fc8033d3aa8d1995b
ABT	Abbott Laboratories	115.49	-3.36	-2.83%	22.058M	5.115M	200.396B	35.43	65f8701fc8033d3aa8d1995c
DHR	Danaher Corporation	249.40	-3.82	-1.51%	5.703M	2.66M	184.482B	44.06	65f8701fc8033d3aa8d1995d
PFE	Pfizer Inc.	27.94	-0.19	-0.68%	31.375M	45.464M	158.211B	75.51	65f8701fc8033d3aa8d1995e
AMGN	Amgen Inc.	268.87	-2.67	-0.98%	8.765M	2.915M	144.093B	21.51	65f8701fc8033d3aa8d1995f
ISRG	Intuitive Surgical, Inc.	396.28	+11.97	+3.11%	3.892M	1.687M	140.461B	78.78	65f8701fc8033d3aa8d19960
SYK	Stryker Corporation	352.23	-3.41	-0.96%	2.059M	1.32M	133.94B	42.75	65f8701fc8033d3aa8d19961
ELV	Elevance Health, Inc.	513.08	+2.51	+0.49%	1.439M	1.055M	119.378B	20.33	65f8701fc8033d3aa8d19962
MDT	Medtronic plc	83.57	-0.82	-0.97%	8.519M	6.198M	110.966B	26.53	65f8701fc8033d3aa8d19963
REGN	Regeneron Pharmaceuticals, Inc.	964.47	+5.43	+0.57%	1.071M	540,077	105.862B	27.75	65f8701fc8033d3aa8d19964
BMY	Bristol-Myers Squibb Company	52.34	-0.15	-0.29%	81.423M	16.963M	105.841B	13.56	65f8701fc8033d3aa8d19965
VRTX	Vertex Pharmaceuticals Incorporated	407.69	-1.08	-0.26%	1.894M	1.331M	105.31B	29.31	65f8701fc8033d3aa8d19966
CI	The Cigna Group	352.05	+2.54	+0.73%	2.877M	1.654M	102.924B	20.24	65f8701fc8033d3aa8d19967
CVS	CVS Health Corporation	77.40	+0.98	+1.28%	17.031M	11.018M	97.404B	11.96	65f8701fc8033d3aa8d19968
BSX	Boston Scientific Corporation	66.23	-0.63	-0.94%	8.828M	6.655M	97.166B	61.90	65f8701fc8033d3aa8d19969
GILD	Gilead Sciences, Inc.	73.69	-0.52	-0.70%	13.917M	7.209M	91.801B	16.38	65f8701fc8033d3aa8d1996a
HCA	HCA Healthcare, Inc.	321.97	-2.81	-0.87%	1.227M	1.074M	85.161B	16.98	65f8701fc8033d3aa8d1996b
ZTS	Zoetis Inc.	172.57	-1.31	-0.75%	2.21M	2.396M	79.014B	34.04	65f8701fc8033d3aa8d1996c
MCK	McKesson Corporation	533.64	+4.28	+0.81%	1.363M	753,039	70.125B	24.09	65f8701fc8033d3aa8d1996d
BDX	Becton, Dickinson and Company	236.71	-0.46	-0.19%	2.683M	1.522M	68.386B	54.29	65f8701fc8033d3aa8d1996e
LLY	Eli Lilly and Company	754.17	-6.56	-0.86%	3.716M	3.206M	716.585B	129.81	65f87025c8033d3aa8d19970
UNH	UnitedHealth Group Incorporated	490.82	+1.82	+0.37%	3.482M	4.006M	452.504B	20.58	65f87025c8033d3aa8d19971
JNJ	Johnson & Johnson	158.18	-1.03	-0.65%	13.122M	6.913M	381.179B	30.42	65f87025c8033d3aa8d19972
ABBV	AbbVie Inc.	177.88	-3.32	-1.83%	20.901M	5.422M	314.22B	65.40	65f87025c8033d3aa8d19973
MRK	Merck & Co., Inc.	121.52	+1.01	+0.84%	46.428M	8.397M	307.766B	810.13	65f87025c8033d3aa8d19974
TMO	Thermo Fisher Scientific Inc.	584.15	-0.76	-0.13%	1.913M	1.611M	222.743B	37.88	65f87025c8033d3aa8d19975
ABT	Abbott Laboratories	115.49	-3.36	-2.83%	22.058M	5.115M	200.396B	35.43	65f87025c8033d3aa8d19976
DHR	Danaher Corporation	249.40	-3.82	-1.51%	5.703M	2.66M	184.482B	44.06	65f87025c8033d3aa8d19977
PFE	Pfizer Inc.	27.94	-0.19	-0.68%	31.375M	45.464M	158.211B	75.51	65f87025c8033d3aa8d19978
AMGN	Amgen Inc.	268.87	-2.67	-0.98%	8.765M	2.915M	144.093B	21.51	65f87025c8033d3aa8d19979
ISRG	Intuitive Surgical, Inc.	396.28	+11.97	+3.11%	3.892M	1.687M	140.461B	78.78	65f87025c8033d3aa8d1997a
SYK	Stryker Corporation	352.23	-3.41	-0.96%	2.059M	1.32M	133.94B	42.75	65f87025c8033d3aa8d1997b
ELV	Elevance Health, Inc.	513.08	+2.51	+0.49%	1.439M	1.055M	119.378B	20.33	65f87025c8033d3aa8d1997c
MDT	Medtronic plc	83.57	-0.82	-0.97%	8.519M	6.198M	110.966B	26.53	65f87025c8033d3aa8d1997d
REGN	Regeneron Pharmaceuticals, Inc.	964.47	+5.43	+0.57%	1.071M	540,077	105.862B	27.75	65f87025c8033d3aa8d1997e
BMY	Bristol-Myers Squibb Company	52.34	-0.15	-0.29%	81.423M	16.963M	105.841B	13.56	65f87025c8033d3aa8d1997f
VRTX	Vertex Pharmaceuticals Incorporated	407.69	-1.08	-0.26%	1.894M	1.331M	105.31B	29.31	65f87025c8033d3aa8d19980
CI	The Cigna Group	352.05	+2.54	+0.73%	2.877M	1.654M	102.924B	20.24	65f87025c8033d3aa8d19981
CVS	CVS Health Corporation	77.40	+0.98	+1.28%	17.031M	11.018M	97.404B	11.96	65f87025c8033d3aa8d19982
BSX	Boston Scientific Corporation	66.23	-0.63	-0.94%	8.828M	6.655M	97.166B	61.90	65f87025c8033d3aa8d19983
GILD	Gilead Sciences, Inc.	73.69	-0.52	-0.70%	13.917M	7.209M	91.801B	16.38	65f87025c8033d3aa8d19984
HCA	HCA Healthcare, Inc.	321.97	-2.81	-0.87%	1.227M	1.074M	85.161B	16.98	65f87025c8033d3aa8d19985
ZTS	Zoetis Inc.	172.57	-1.31	-0.75%	2.21M	2.396M	79.014B	34.04	65f87025c8033d3aa8d19986
MCK	McKesson Corporation	533.64	+4.28	+0.81%	1.363M	753,039	70.125B	24.09	65f87025c8033d3aa8d19987
BDX	Becton, Dickinson and Company	236.71	-0.46	-0.19%	2.683M	1.522M	68.386B	54.29	65f87025c8033d3aa8d19988
LLY	Eli Lilly and Company	754.17	-6.56	-0.86%	3.716M	3.206M	716.585B	129.81	65f8702bc8033d3aa8d1998a
UNH	UnitedHealth Group Incorporated	490.82	+1.82	+0.37%	3.482M	4.006M	452.504B	20.58	65f8702bc8033d3aa8d1998b
JNJ	Johnson & Johnson	158.18	-1.03	-0.65%	13.122M	6.913M	381.179B	30.42	65f8702bc8033d3aa8d1998c
ABBV	AbbVie Inc.	177.88	-3.32	-1.83%	20.901M	5.422M	314.22B	65.40	65f8702bc8033d3aa8d1998d
MRK	Merck & Co., Inc.	121.52	+1.01	+0.84%	46.428M	8.397M	307.766B	810.13	65f8702bc8033d3aa8d1998e
TMO	Thermo Fisher Scientific Inc.	584.15	-0.76	-0.13%	1.913M	1.611M	222.743B	37.88	65f8702bc8033d3aa8d1998f
ABT	Abbott Laboratories	115.49	-3.36	-2.83%	22.058M	5.115M	200.396B	35.43	65f8702bc8033d3aa8d19990
DHR	Danaher Corporation	249.40	-3.82	-1.51%	5.703M	2.66M	184.482B	44.06	65f8702bc8033d3aa8d19991
PFE	Pfizer Inc.	27.94	-0.19	-0.68%	31.375M	45.464M	158.211B	75.51	65f8702bc8033d3aa8d19992
AMGN	Amgen Inc.	268.87	-2.67	-0.98%	8.765M	2.915M	144.093B	21.51	65f8702bc8033d3aa8d19993
ISRG	Intuitive Surgical, Inc.	396.28	+11.97	+3.11%	3.892M	1.687M	140.461B	78.78	65f8702bc8033d3aa8d19994
SYK	Stryker Corporation	352.23	-3.41	-0.96%	2.059M	1.32M	133.94B	42.75	65f8702bc8033d3aa8d19995
ELV	Elevance Health, Inc.	513.08	+2.51	+0.49%	1.439M	1.055M	119.378B	20.33	65f8702bc8033d3aa8d19996
MDT	Medtronic plc	83.57	-0.82	-0.97%	8.519M	6.198M	110.966B	26.53	65f8702bc8033d3aa8d19997
REGN	Regeneron Pharmaceuticals, Inc.	964.47	+5.43	+0.57%	1.071M	540,077	105.862B	27.75	65f8702bc8033d3aa8d19998
BMY	Bristol-Myers Squibb Company	52.34	-0.15	-0.29%	81.423M	16.963M	105.841B	13.56	65f8702bc8033d3aa8d19999
VRTX	Vertex Pharmaceuticals Incorporated	407.69	-1.08	-0.26%	1.894M	1.331M	105.31B	29.31	65f8702bc8033d3aa8d1999a
CI	The Cigna Group	352.05	+2.54	+0.73%	2.877M	1.654M	102.924B	20.24	65f8702bc8033d3aa8d1999b
CVS	CVS Health Corporation	77.40	+0.98	+1.28%	17.031M	11.018M	97.404B	11.96	65f8702bc8033d3aa8d1999c
BSX	Boston Scientific Corporation	66.23	-0.63	-0.94%	8.828M	6.655M	97.166B	61.90	65f8702bc8033d3aa8d1999d
GILD	Gilead Sciences, Inc.	73.69	-0.52	-0.70%	13.917M	7.209M	91.801B	16.38	65f8702bc8033d3aa8d1999e
HCA	HCA Healthcare, Inc.	321.97	-2.81	-0.87%	1.227M	1.074M	85.161B	16.98	65f8702bc8033d3aa8d1999f
ZTS	Zoetis Inc.	172.57	-1.31	-0.75%	2.21M	2.396M	79.014B	34.04	65f8702bc8033d3aa8d199a0
MCK	McKesson Corporation	533.64	+4.28	+0.81%	1.363M	753,039	70.125B	24.09	65f8702bc8033d3aa8d199a1
BDX	Becton, Dickinson and Company	236.71	-0.46	-0.19%	2.683M	1.522M	68.386B	54.29	65f8702bc8033d3aa8d199a2
LLY	Eli Lilly and Company	754.17	-6.56	-0.86%	3.716M	3.206M	716.585B	129.81	65f87032c8033d3aa8d199a4
UNH	UnitedHealth Group Incorporated	490.82	+1.82	+0.37%	3.482M	4.006M	452.504B	20.58	65f87032c8033d3aa8d199a5
JNJ	Johnson & Johnson	158.18	-1.03	-0.65%	13.122M	6.913M	381.179B	30.42	65f87032c8033d3aa8d199a6
ABBV	AbbVie Inc.	177.88	-3.32	-1.83%	20.901M	5.422M	314.22B	65.40	65f87032c8033d3aa8d199a7
MRK	Merck & Co., Inc.	121.52	+1.01	+0.84%	46.428M	8.397M	307.766B	810.13	65f87032c8033d3aa8d199a8
TMO	Thermo Fisher Scientific Inc.	584.15	-0.76	-0.13%	1.913M	1.611M	222.743B	37.88	65f87032c8033d3aa8d199a9
ABT	Abbott Laboratories	115.49	-3.36	-2.83%	22.058M	5.115M	200.396B	35.43	65f87032c8033d3aa8d199aa
DHR	Danaher Corporation	249.40	-3.82	-1.51%	5.703M	2.66M	184.482B	44.06	65f87032c8033d3aa8d199ab
PFE	Pfizer Inc.	27.94	-0.19	-0.68%	31.375M	45.464M	158.211B	75.51	65f87032c8033d3aa8d199ac
AMGN	Amgen Inc.	268.87	-2.67	-0.98%	8.765M	2.915M	144.093B	21.51	65f87032c8033d3aa8d199ad
ISRG	Intuitive Surgical, Inc.	396.28	+11.97	+3.11%	3.892M	1.687M	140.461B	78.78	65f87032c8033d3aa8d199ae
SYK	Stryker Corporation	352.23	-3.41	-0.96%	2.059M	1.32M	133.94B	42.75	65f87032c8033d3aa8d199af
ELV	Elevance Health, Inc.	513.08	+2.51	+0.49%	1.439M	1.055M	119.378B	20.33	65f87032c8033d3aa8d199b0
MDT	Medtronic plc	83.57	-0.82	-0.97%	8.519M	6.198M	110.966B	26.53	65f87032c8033d3aa8d199b1
REGN	Regeneron Pharmaceuticals, Inc.	964.47	+5.43	+0.57%	1.071M	540,077	105.862B	27.75	65f87032c8033d3aa8d199b2
BMY	Bristol-Myers Squibb Company	52.34	-0.15	-0.29%	81.423M	16.963M	105.841B	13.56	65f87032c8033d3aa8d199b3
VRTX	Vertex Pharmaceuticals Incorporated	407.69	-1.08	-0.26%	1.894M	1.331M	105.31B	29.31	65f87032c8033d3aa8d199b4
CI	The Cigna Group	352.05	+2.54	+0.73%	2.877M	1.654M	102.924B	20.24	65f87032c8033d3aa8d199b5
CVS	CVS Health Corporation	77.40	+0.98	+1.28%	17.031M	11.018M	97.404B	11.96	65f87032c8033d3aa8d199b6
BSX	Boston Scientific Corporation	66.23	-0.63	-0.94%	8.828M	6.655M	97.166B	61.90	65f87032c8033d3aa8d199b7
GILD	Gilead Sciences, Inc.	73.69	-0.52	-0.70%	13.917M	7.209M	91.801B	16.38	65f87032c8033d3aa8d199b8
HCA	HCA Healthcare, Inc.	321.97	-2.81	-0.87%	1.227M	1.074M	85.161B	16.98	65f87032c8033d3aa8d199b9
ZTS	Zoetis Inc.	172.57	-1.31	-0.75%	2.21M	2.396M	79.014B	34.04	65f87032c8033d3aa8d199ba
MCK	McKesson Corporation	533.64	+4.28	+0.81%	1.363M	753,039	70.125B	24.09	65f87032c8033d3aa8d199bb
BDX	Becton, Dickinson and Company	236.71	-0.46	-0.19%	2.683M	1.522M	68.386B	54.29	65f87032c8033d3aa8d199bc
LLY	Eli Lilly and Company	754.17	-6.56	-0.86%	3.716M	3.206M	716.585B	129.81	65f87036c8033d3aa8d199be
UNH	UnitedHealth Group Incorporated	490.82	+1.82	+0.37%	3.482M	4.006M	452.504B	20.58	65f87036c8033d3aa8d199bf
JNJ	Johnson & Johnson	158.18	-1.03	-0.65%	13.122M	6.913M	381.179B	30.42	65f87036c8033d3aa8d199c0
ABBV	AbbVie Inc.	177.88	-3.32	-1.83%	20.901M	5.422M	314.22B	65.40	65f87036c8033d3aa8d199c1
MRK	Merck & Co., Inc.	121.52	+1.01	+0.84%	46.428M	8.397M	307.766B	810.13	65f87036c8033d3aa8d199c2
TMO	Thermo Fisher Scientific Inc.	584.15	-0.76	-0.13%	1.913M	1.611M	222.743B	37.88	65f87036c8033d3aa8d199c3
ABT	Abbott Laboratories	115.49	-3.36	-2.83%	22.058M	5.115M	200.396B	35.43	65f87036c8033d3aa8d199c4
DHR	Danaher Corporation	249.40	-3.82	-1.51%	5.703M	2.66M	184.482B	44.06	65f87036c8033d3aa8d199c5
PFE	Pfizer Inc.	27.94	-0.19	-0.68%	31.375M	45.464M	158.211B	75.51	65f87036c8033d3aa8d199c6
AMGN	Amgen Inc.	268.87	-2.67	-0.98%	8.765M	2.915M	144.093B	21.51	65f87036c8033d3aa8d199c7
ISRG	Intuitive Surgical, Inc.	396.28	+11.97	+3.11%	3.892M	1.687M	140.461B	78.78	65f87036c8033d3aa8d199c8
SYK	Stryker Corporation	352.23	-3.41	-0.96%	2.059M	1.32M	133.94B	42.75	65f87036c8033d3aa8d199c9
ELV	Elevance Health, Inc.	513.08	+2.51	+0.49%	1.439M	1.055M	119.378B	20.33	65f87036c8033d3aa8d199ca
MDT	Medtronic plc	83.57	-0.82	-0.97%	8.519M	6.198M	110.966B	26.53	65f87036c8033d3aa8d199cb
REGN	Regeneron Pharmaceuticals, Inc.	964.47	+5.43	+0.57%	1.071M	540,077	105.862B	27.75	65f87036c8033d3aa8d199cc
BMY	Bristol-Myers Squibb Company	52.34	-0.15	-0.29%	81.423M	16.963M	105.841B	13.56	65f87036c8033d3aa8d199cd
VRTX	Vertex Pharmaceuticals Incorporated	407.69	-1.08	-0.26%	1.894M	1.331M	105.31B	29.31	65f87036c8033d3aa8d199ce
CI	The Cigna Group	352.05	+2.54	+0.73%	2.877M	1.654M	102.924B	20.24	65f87036c8033d3aa8d199cf
CVS	CVS Health Corporation	77.40	+0.98	+1.28%	17.031M	11.018M	97.404B	11.96	65f87036c8033d3aa8d199d0
BSX	Boston Scientific Corporation	66.23	-0.63	-0.94%	8.828M	6.655M	97.166B	61.90	65f87036c8033d3aa8d199d1
GILD	Gilead Sciences, Inc.	73.69	-0.52	-0.70%	13.917M	7.209M	91.801B	16.38	65f87036c8033d3aa8d199d2
HCA	HCA Healthcare, Inc.	321.97	-2.81	-0.87%	1.227M	1.074M	85.161B	16.98	65f87036c8033d3aa8d199d3
ZTS	Zoetis Inc.	172.57	-1.31	-0.75%	2.21M	2.396M	79.014B	34.04	65f87036c8033d3aa8d199d4
MCK	McKesson Corporation	533.64	+4.28	+0.81%	1.363M	753,039	70.125B	24.09	65f87036c8033d3aa8d199d5
BDX	Becton, Dickinson and Company	236.71	-0.46	-0.19%	2.683M	1.522M	68.386B	54.29	65f87036c8033d3aa8d199d6
